year,chip_name,vendor,launch_date,memory_gb,fp16_tflops,tdp_watts,estimated_shipments_units,estimated_asp_usd,estimated_revenue_usd_m,description,company_name,ticker,country_iso3,segment,revenue_usd_bn,operating_margin_pct,operating_income_usd_bn,rd_spend_usd_bn,capex_usd_bn
2020,NVIDIA V100,NVIDIA,2017-05-10,32,100,300,6128,15000,91.9,Volta data center GPU,NVIDIA,NVDA,USA,fabless_gpu,17.59,54.5,9.58,4.4,0.35
2021,NVIDIA V100,NVIDIA,2017-05-10,32,100,300,2719,15000,40.8,Volta data center GPU,NVIDIA,NVDA,USA,fabless_gpu,21.6,59.4,12.83,5.4,0.43
2022,NVIDIA V100,NVIDIA,2017-05-10,32,100,300,3098,15000,46.5,Volta data center GPU,NVIDIA,NVDA,USA,fabless_gpu,26.12,52.3,13.66,6.53,0.52
2023,NVIDIA V100,NVIDIA,2017-05-10,32,100,300,2572,15000,38.6,Volta data center GPU,NVIDIA,NVDA,USA,fabless_gpu,62.09,58.8,36.52,15.52,1.24
2024,NVIDIA V100,NVIDIA,2017-05-10,32,100,300,3437,15000,51.6,Volta data center GPU,NVIDIA,NVDA,USA,fabless_gpu,130.48,59.5,77.65,32.62,2.61
2025,NVIDIA V100,NVIDIA,2017-05-10,32,100,300,2504,15000,37.6,Volta data center GPU,NVIDIA,NVDA,USA,fabless_gpu,192.19,64.2,123.43,48.05,3.84
2026,NVIDIA V100,NVIDIA,2017-05-10,32,100,300,2873,15000,43.1,Volta data center GPU,NVIDIA,NVDA,USA,fabless_gpu,250.68,61.9,155.25,62.67,5.01
2020,NVIDIA A100,NVIDIA,2020-05-14,40,312,400,32054,15000,480.8,"Ampere, ML training standard 2020-2022",NVIDIA,NVDA,USA,fabless_gpu,17.59,54.5,9.58,4.4,0.35
2021,NVIDIA A100,NVIDIA,2020-05-14,40,312,400,204990,15000,3074.8,"Ampere, ML training standard 2020-2022",NVIDIA,NVDA,USA,fabless_gpu,21.6,59.4,12.83,5.4,0.43
2022,NVIDIA A100,NVIDIA,2020-05-14,40,312,400,145343,15000,2180.1,"Ampere, ML training standard 2020-2022",NVIDIA,NVDA,USA,fabless_gpu,26.12,52.3,13.66,6.53,0.52
2023,NVIDIA A100,NVIDIA,2020-05-14,40,312,400,76814,15000,1152.2,"Ampere, ML training standard 2020-2022",NVIDIA,NVDA,USA,fabless_gpu,62.09,58.8,36.52,15.52,1.24
2024,NVIDIA A100,NVIDIA,2020-05-14,40,312,400,28956,15000,434.3,"Ampere, ML training standard 2020-2022",NVIDIA,NVDA,USA,fabless_gpu,130.48,59.5,77.65,32.62,2.61
2025,NVIDIA A100,NVIDIA,2020-05-14,40,312,400,26870,15000,403.1,"Ampere, ML training standard 2020-2022",NVIDIA,NVDA,USA,fabless_gpu,192.19,64.2,123.43,48.05,3.84
2026,NVIDIA A100,NVIDIA,2020-05-14,40,312,400,32264,15000,484.0,"Ampere, ML training standard 2020-2022",NVIDIA,NVDA,USA,fabless_gpu,250.68,61.9,155.25,62.67,5.01
2023,NVIDIA H100,NVIDIA,2023-03-22,80,989,700,582977,30000,17489.3,"Hopper, defined 2023-2024 AI boom",NVIDIA,NVDA,USA,fabless_gpu,62.09,58.8,36.52,15.52,1.24
2024,NVIDIA H100,NVIDIA,2023-03-22,80,989,700,2466989,30000,74009.7,"Hopper, defined 2023-2024 AI boom",NVIDIA,NVDA,USA,fabless_gpu,130.48,59.5,77.65,32.62,2.61
2025,NVIDIA H100,NVIDIA,2023-03-22,80,989,700,1874943,30000,56248.3,"Hopper, defined 2023-2024 AI boom",NVIDIA,NVDA,USA,fabless_gpu,192.19,64.2,123.43,48.05,3.84
2026,NVIDIA H100,NVIDIA,2023-03-22,80,989,700,1126912,30000,33807.4,"Hopper, defined 2023-2024 AI boom",NVIDIA,NVDA,USA,fabless_gpu,250.68,61.9,155.25,62.67,5.01
2024,NVIDIA H200,NVIDIA,2024-04-15,141,989,700,115829,32000,3706.5,"Hopper refresh, 141GB HBM3e",NVIDIA,NVDA,USA,fabless_gpu,130.48,59.5,77.65,32.62,2.61
2025,NVIDIA H200,NVIDIA,2024-04-15,141,989,700,573022,32000,18336.7,"Hopper refresh, 141GB HBM3e",NVIDIA,NVDA,USA,fabless_gpu,192.19,64.2,123.43,48.05,3.84
2026,NVIDIA H200,NVIDIA,2024-04-15,141,989,700,487597,32000,15603.1,"Hopper refresh, 141GB HBM3e",NVIDIA,NVDA,USA,fabless_gpu,250.68,61.9,155.25,62.67,5.01
2023,NVIDIA L40S,NVIDIA,2023-08-08,48,362,350,51592,15000,773.9,Ada Lovelace inference,NVIDIA,NVDA,USA,fabless_gpu,62.09,58.8,36.52,15.52,1.24
2024,NVIDIA L40S,NVIDIA,2023-08-08,48,362,350,327147,15000,4907.2,Ada Lovelace inference,NVIDIA,NVDA,USA,fabless_gpu,130.48,59.5,77.65,32.62,2.61
2025,NVIDIA L40S,NVIDIA,2023-08-08,48,362,350,359171,15000,5387.6,Ada Lovelace inference,NVIDIA,NVDA,USA,fabless_gpu,192.19,64.2,123.43,48.05,3.84
2026,NVIDIA L40S,NVIDIA,2023-08-08,48,362,350,120445,15000,1806.7,Ada Lovelace inference,NVIDIA,NVDA,USA,fabless_gpu,250.68,61.9,155.25,62.67,5.01
2024,NVIDIA B200,NVIDIA,2024-10-30,192,2250,1000,5165,35000,180.8,"Blackwell, GB200 dominant 2025",NVIDIA,NVDA,USA,fabless_gpu,130.48,59.5,77.65,32.62,2.61
2025,NVIDIA B200,NVIDIA,2024-10-30,192,2250,1000,126650,35000,4432.8,"Blackwell, GB200 dominant 2025",NVIDIA,NVDA,USA,fabless_gpu,192.19,64.2,123.43,48.05,3.84
2026,NVIDIA B200,NVIDIA,2024-10-30,192,2250,1000,86084,35000,3012.9,"Blackwell, GB200 dominant 2025",NVIDIA,NVDA,USA,fabless_gpu,250.68,61.9,155.25,62.67,5.01
2024,NVIDIA GB200,NVIDIA,2024-10-30,384,5000,2700,2564,65000,166.7,Blackwell superchip dual B200,NVIDIA,NVDA,USA,fabless_gpu,130.48,59.5,77.65,32.62,2.61
2025,NVIDIA GB200,NVIDIA,2024-10-30,384,5000,2700,45968,65000,2987.9,Blackwell superchip dual B200,NVIDIA,NVDA,USA,fabless_gpu,192.19,64.2,123.43,48.05,3.84
2026,NVIDIA GB200,NVIDIA,2024-10-30,384,5000,2700,40186,65000,2612.1,Blackwell superchip dual B200,NVIDIA,NVDA,USA,fabless_gpu,250.68,61.9,155.25,62.67,5.01
2025,NVIDIA B300,NVIDIA,2025-12-15,288,3500,1400,0,40000,0.0,Blackwell Ultra,NVIDIA,NVDA,USA,fabless_gpu,192.19,64.2,123.43,48.05,3.84
2026,NVIDIA B300,NVIDIA,2025-12-15,288,3500,1400,888,40000,35.5,Blackwell Ultra,NVIDIA,NVDA,USA,fabless_gpu,250.68,61.9,155.25,62.67,5.01
2021,AMD MI250X,AMD,2021-11-08,128,383,500,23,15000,0.3,"CDNA2, used in Frontier supercomputer",AMD,AMD,USA,fabless_cpu_gpu,18.01,25.6,4.62,3.6,1.8
2022,AMD MI250X,AMD,2021-11-08,128,383,500,1030,15000,15.4,"CDNA2, used in Frontier supercomputer",AMD,AMD,USA,fabless_cpu_gpu,23.0,19.1,4.4,4.6,2.3
2023,AMD MI250X,AMD,2021-11-08,128,383,500,713,15000,10.7,"CDNA2, used in Frontier supercomputer",AMD,AMD,USA,fabless_cpu_gpu,21.72,18.2,3.96,4.34,2.17
2024,AMD MI250X,AMD,2021-11-08,128,383,500,354,15000,5.3,"CDNA2, used in Frontier supercomputer",AMD,AMD,USA,fabless_cpu_gpu,26.05,23.6,6.15,5.21,2.6
2025,AMD MI250X,AMD,2021-11-08,128,383,500,122,15000,1.8,"CDNA2, used in Frontier supercomputer",AMD,AMD,USA,fabless_cpu_gpu,33.17,18.0,5.98,6.63,3.32
2026,AMD MI250X,AMD,2021-11-08,128,383,500,159,15000,2.4,"CDNA2, used in Frontier supercomputer",AMD,AMD,USA,fabless_cpu_gpu,39.38,19.5,7.68,7.88,3.94
2023,AMD MI300X,AMD,2023-12-06,192,1300,750,0,18000,0.0,"CDNA3, primary H100 competitor",AMD,AMD,USA,fabless_cpu_gpu,21.72,18.2,3.96,4.34,2.17
2024,AMD MI300X,AMD,2023-12-06,192,1300,750,414143,18000,7454.6,"CDNA3, primary H100 competitor",AMD,AMD,USA,fabless_cpu_gpu,26.05,23.6,6.15,5.21,2.6
2025,AMD MI300X,AMD,2023-12-06,192,1300,750,369849,18000,6657.3,"CDNA3, primary H100 competitor",AMD,AMD,USA,fabless_cpu_gpu,33.17,18.0,5.98,6.63,3.32
2026,AMD MI300X,AMD,2023-12-06,192,1300,750,162122,18000,2918.2,"CDNA3, primary H100 competitor",AMD,AMD,USA,fabless_cpu_gpu,39.38,19.5,7.68,7.88,3.94
2024,AMD MI325X,AMD,2024-10-10,256,1300,1000,2651,22000,58.3,MI300X refresh,AMD,AMD,USA,fabless_cpu_gpu,26.05,23.6,6.15,5.21,2.6
2025,AMD MI325X,AMD,2024-10-10,256,1300,1000,52331,22000,1151.3,MI300X refresh,AMD,AMD,USA,fabless_cpu_gpu,33.17,18.0,5.98,6.63,3.32
2026,AMD MI325X,AMD,2024-10-10,256,1300,1000,39454,22000,868.0,MI300X refresh,AMD,AMD,USA,fabless_cpu_gpu,39.38,19.5,7.68,7.88,3.94
2025,AMD MI350,AMD,2025-06-01,288,1850,1000,138,15000,2.1,CDNA4 Blackwell competitor,AMD,AMD,USA,fabless_cpu_gpu,33.17,18.0,5.98,6.63,3.32
2026,AMD MI350,AMD,2025-06-01,288,1850,1000,1393,15000,20.9,CDNA4 Blackwell competitor,AMD,AMD,USA,fabless_cpu_gpu,39.38,19.5,7.68,7.88,3.94
2024,Groq LPU,Groq,2024-02-19,230,750,350,8709,15000,130.6,Inference-optimized,Groq,GROQ,USA,fabless_ai,0.48,8.5,0.04,0.24,0.0
2025,Groq LPU,Groq,2024-02-19,230,750,350,25845,15000,387.7,Inference-optimized,Groq,GROQ,USA,fabless_ai,1.27,9.7,0.12,0.63,0.01
2026,Groq LPU,Groq,2024-02-19,230,750,350,25084,15000,376.3,Inference-optimized,Groq,GROQ,USA,fabless_ai,1.96,8.0,0.16,0.98,0.02
2023,SambaNova SN40L,SambaNova,2023-09-19,1500,510,300,258,15000,3.9,Reconfigurable dataflow,SambaNova,SN,USA,fabless_ai,0.1,7.9,0.01,0.05,0.0
2024,SambaNova SN40L,SambaNova,2023-09-19,1500,510,300,3312,15000,49.7,Reconfigurable dataflow,SambaNova,SN,USA,fabless_ai,0.37,5.9,0.02,0.18,0.0
2025,SambaNova SN40L,SambaNova,2023-09-19,1500,510,300,3199,15000,48.0,Reconfigurable dataflow,SambaNova,SN,USA,fabless_ai,0.9,3.3,0.03,0.45,0.01
2026,SambaNova SN40L,SambaNova,2023-09-19,1500,510,300,1070,15000,16.1,Reconfigurable dataflow,SambaNova,SN,USA,fabless_ai,1.45,14.0,0.2,0.72,0.01
2024,Tenstorrent Blackhole,Tenstorrent,2024-08-26,32,745,300,81,15000,1.2,RISC-V based,Tenstorrent,TNS,USA,fabless_ai,0.31,11.7,0.04,0.15,0.0
2025,Tenstorrent Blackhole,Tenstorrent,2024-08-26,32,745,300,861,15000,12.9,RISC-V based,Tenstorrent,TNS,USA,fabless_ai,0.74,6.6,0.05,0.37,0.01
2026,Tenstorrent Blackhole,Tenstorrent,2024-08-26,32,745,300,883,15000,13.2,RISC-V based,Tenstorrent,TNS,USA,fabless_ai,1.16,10.3,0.12,0.58,0.01
